Cancer_Type,FID_Score
Adenosis,3614.4725014299056
Phyllode,3660.835436946887
Lobular,2913.6613129843145
Papillary,3634.768700126434
