Cancer_Type,FID_Score
Control,-0.0008993897250225077
Adenosis,3614.822761517109
Phyllode,3662.0088112876037
Lobular,2913.585156401406
Papillary,3634.280055204124
