precision,recall,f1-score,support
0.3125,0.96,0.4715127701375246,125.0
0.6666666666666666,0.0364963503649635,0.06920415224913495,274.0
0.3258145363408521,0.3258145363408521,0.3258145363408521,0.3258145363408521
0.4895833333333333,0.4982481751824817,0.27035846119332974,399.0
0.5557121971595655,0.3258145363408521,0.19524068667532216,399.0
